City_ID,City,Country,Date,Lat,Lng,Max Temp,Humidity,Cloudiness,Wind Speed
0,Punta Arenas,CL,2021-01-23 21:26:29,-53.15,-70.9167,60.8,44,40,27.63
1,Eureka,US,2021-01-23 21:28:54,40.8021,-124.1637,55.99,70,0,10.0
2,Ponta Do Sol,PT,2021-01-23 21:28:54,32.6667,-17.1,60.01,78,100,1.99
3,Laguna,US,2021-01-23 21:28:55,38.421,-121.4238,55.0,71,40,6.91
4,New Norfolk,AU,2021-01-23 21:28:55,-42.7826,147.0587,64.99,71,4,1.01
5,East London,ZA,2021-01-23 21:27:16,-33.0153,27.9116,75.47,79,71,22.35
6,Havoysund,NO,2021-01-23 21:28:56,70.9963,24.6622,14.0,79,90,17.27
7,Busselton,AU,2021-01-23 21:28:56,-33.65,115.3333,62.01,88,45,4.76
8,Dabat,ET,2021-01-23 21:28:57,12.9842,37.765,50.76,89,1,4.07
9,Sorland,NO,2021-01-23 21:28:57,67.667,12.6934,26.11,92,78,11.61
10,Ushuaia,AR,2021-01-23 21:28:57,-54.8,-68.3,60.8,36,75,21.85
11,Vila Franca Do Campo,PT,2021-01-23 21:28:58,37.7167,-25.4333,63.0,100,75,14.97
12,Cape Town,ZA,2021-01-23 21:28:59,-33.9258,18.4232,68.0,72,75,10.36
13,Codrington,AU,2021-01-23 21:28:59,-38.2667,141.9667,69.13,56,100,7.87
14,Kapaa,US,2021-01-23 21:29:00,22.0752,-159.319,75.2,88,90,23.02
15,Saskylakh,RU,2021-01-23 21:29:00,71.9167,114.0833,-31.65,82,81,5.84
16,Aksu,CN,2021-01-23 21:29:01,41.1231,80.2644,20.1,87,1,4.07
17,Carnarvon,AU,2021-01-23 21:29:01,-24.8667,113.6333,75.2,60,90,16.11
18,Kodiak,US,2021-01-23 21:29:02,57.79,-152.4072,41.0,52,1,12.66
19,Hasaki,JP,2021-01-23 21:29:03,35.7333,140.8333,39.2,100,75,18.41
20,Norman Wells,CA,2021-01-23 21:29:03,65.282,-126.8329,-18.4,76,20,4.61
21,Salalah,OM,2021-01-23 21:29:03,17.0151,54.0924,69.8,30,0,10.36
22,Okakarara,NA,2021-01-23 21:29:04,-20.5833,17.4333,69.39,87,100,10.25
23,Geraldton,AU,2021-01-23 21:29:04,-28.7667,114.6,71.6,68,90,12.66
24,Hilo,US,2021-01-23 21:29:05,19.7297,-155.09,78.8,61,90,6.91
25,Jamestown,US,2021-01-23 21:27:38,42.097,-79.2353,21.99,73,90,12.66
26,Bluff,NZ,2021-01-23 21:29:05,-46.6,168.3333,57.99,80,76,8.01
27,Bengkulu,ID,2021-01-23 21:29:06,-3.8004,102.2655,76.53,82,93,4.63
28,Rikitea,PF,2021-01-23 21:29:06,-23.1203,-134.9692,78.89,66,0,9.95
29,Nanortalik,GL,2021-01-23 21:29:06,60.1432,-45.2371,23.16,88,0,7.38
30,Butaritari,KI,2021-01-23 21:29:07,3.0707,172.7902,79.83,79,89,10.56
31,Airai,TL,2021-01-23 21:29:07,-8.9266,125.4092,61.79,100,93,1.57
32,Bredasdorp,ZA,2021-01-23 21:29:07,-34.5322,20.0403,62.6,94,100,4.61
33,Clayton,US,2021-01-23 21:29:08,33.5335,-84.3666,61.0,21,20,5.53
34,Merauke,ID,2021-01-23 21:29:08,-8.4667,140.3333,78.96,86,84,9.64
35,Mar Del Plata,AR,2021-01-23 21:25:31,-38.0023,-57.5575,80.6,74,0,13.8
36,Mataura,NZ,2021-01-23 21:29:09,-46.1927,168.8643,57.99,80,99,8.01
37,Pevek,RU,2021-01-23 21:29:09,69.7008,170.3133,-12.12,90,100,10.18
38,Uthal,PK,2021-01-23 21:29:09,25.8072,66.6219,56.3,23,0,8.88
39,Leningradskiy,RU,2021-01-23 21:29:10,69.3833,178.4167,-13.86,83,75,3.58
40,Warman,CA,2021-01-23 21:28:03,52.3168,-106.5679,-9.4,64,1,13.8
41,Nara,JP,2021-01-23 21:29:12,34.6851,135.8049,46.4,93,75,11.5
42,Severo-Kurilsk,RU,2021-01-23 21:29:12,50.6789,156.125,22.51,93,96,29.68
43,Atuona,PF,2021-01-23 21:29:12,-9.8,-139.0333,78.22,79,2,18.23
44,Mapiripan,CO,2021-01-23 21:29:13,2.8892,-72.1256,75.54,90,99,7.18
45,Hithadhoo,MV,2021-01-23 21:29:13,-0.6,73.0833,81.84,70,100,4.61
46,Guerrero Negro,MX,2021-01-23 21:29:14,27.9769,-114.0611,64.15,53,95,10.49
47,Lebu,CL,2021-01-23 21:29:15,-37.6167,-73.65,64.36,79,7,17.87
48,Umm Lajj,SA,2021-01-23 21:29:15,25.0213,37.2685,71.65,45,0,10.29
49,Puerto Lempira,HN,2021-01-23 21:29:16,15.2667,-83.7667,81.61,72,5,6.8
50,George Town,MY,2021-01-23 21:29:16,5.4112,100.3354,78.01,88,20,2.57
51,Lata,PT,2021-01-23 21:29:17,40.1629,-8.3327,57.0,94,99,1.99
52,Turukhansk,RU,2021-01-23 21:29:17,65.8167,87.9833,-38.85,76,14,7.47
53,George,ZA,2021-01-23 21:29:18,-33.963,22.4617,66.2,94,90,8.05
54,Conceicao Da Barra,BR,2021-01-23 21:29:20,-18.5933,-39.7322,78.4,72,12,6.89
55,Pemba,MZ,2021-01-23 21:29:20,-12.974,40.5178,80.6,89,75,8.05
56,Namibe,AO,2021-01-23 21:29:20,-15.1961,12.1522,74.93,76,82,5.26
57,Saint-Philippe,RE,2021-01-23 21:29:21,-21.3585,55.7679,78.8,73,40,6.91
58,Nikolskoye,RU,2021-01-23 21:29:21,59.7035,30.7861,33.8,86,90,4.47
59,Dalvik,IS,2021-01-23 21:29:22,65.9702,-18.5286,30.2,86,90,18.41
60,Biak,ID,2021-01-23 21:29:22,-0.9131,122.8766,77.63,76,100,4.54
61,Puerto Ayora,EC,2021-01-23 21:29:22,-0.7393,-90.3518,82.4,74,40,11.5
62,Lompoc,US,2021-01-23 21:29:23,34.6391,-120.4579,54.0,71,75,9.22
63,Ambilobe,MG,2021-01-23 21:29:23,-13.2,49.05,74.23,93,5,1.83
64,Veraval,IN,2021-01-23 21:29:23,20.9,70.3667,66.38,70,0,10.65
65,Hobart,AU,2021-01-23 21:29:24,-42.8794,147.3294,64.99,77,20,6.91
66,Dingle,PH,2021-01-23 21:29:24,10.9995,122.6711,74.23,86,100,1.99
67,Avarua,CK,2021-01-23 21:29:25,-21.2078,-159.775,84.2,65,76,6.91
68,Naryan-Mar,RU,2021-01-23 21:29:25,67.6713,53.087,-17.57,86,100,12.03
69,Qaanaaq,GL,2021-01-23 21:29:26,77.484,-69.3632,17.6,79,100,3.69
70,Shaunavon,CA,2021-01-23 21:29:26,49.6501,-108.4181,15.8,79,97,10.36
71,Dali,CN,2021-01-23 21:29:17,25.7,100.1833,43.38,81,38,5.73
72,Hami,CN,2021-01-23 21:29:27,42.8,93.45,24.06,82,100,9.24
73,Artesia,US,2021-01-23 21:29:27,33.8658,-118.0831,54.0,82,90,4.61
74,Vaini,TO,2021-01-23 21:29:28,-21.2,-175.2,82.4,89,75,8.05
75,Camana,PE,2021-01-23 21:29:28,-16.6228,-72.7111,73.74,67,29,7.25
76,Gornopravdinsk,RU,2021-01-23 21:29:29,60.05,69.9,-42.16,80,38,2.68
77,Yulara,AU,2021-01-23 21:29:30,-25.2406,130.9889,73.4,100,90,9.22
78,Cap Malheureux,MU,2021-01-23 21:29:30,-19.9842,57.6142,80.01,74,0,1.99
79,Hermanus,ZA,2021-01-23 21:29:31,-34.4187,19.2345,62.01,94,99,1.01
80,Tuatapere,NZ,2021-01-23 21:29:31,-46.1333,167.6833,57.99,80,99,8.01
81,Guaimaro,CU,2021-01-23 21:29:31,21.05,-77.35,82.4,61,40,11.5
82,Mandera,KE,2021-01-23 21:29:32,3.9366,41.867,86.29,22,54,10.13
83,Katherine,AU,2021-01-23 21:29:32,-14.4667,132.2667,78.8,89,90,6.91
84,Bethel,US,2021-01-23 21:29:32,41.3712,-73.414,28.4,29,1,16.11
85,Oudtshoorn,ZA,2021-01-23 21:29:33,-33.5907,22.2014,66.2,94,90,8.05
86,Seymchan,RU,2021-01-23 21:29:33,62.8833,152.4333,-29.61,83,100,2.42
87,Kaitangata,NZ,2021-01-23 21:29:33,-46.2817,169.8464,64.0,42,91,15.99
88,Albany,US,2021-01-23 21:29:18,42.6001,-73.9662,21.0,46,0,4.0
89,Dhidhdhoo,MV,2021-01-23 21:29:35,6.8833,73.1,81.55,74,6,9.24
90,Yerbogachen,RU,2021-01-23 21:29:35,61.2767,108.0108,-50.42,75,82,2.04
91,Iqaluit,CA,2021-01-23 21:29:36,63.7506,-68.5145,12.2,92,20,12.66
92,Makaryev,RU,2021-01-23 21:29:36,57.8797,43.8069,33.42,99,100,4.61
93,Hammond,US,2021-01-23 21:29:36,41.5834,-87.5,30.99,51,1,4.61
94,Arman,RU,2021-01-23 21:29:37,59.7,150.1667,-17.05,79,3,8.03
95,Mount Gambier,AU,2021-01-23 21:29:38,-37.8333,140.7667,66.2,72,100,3.44
96,Shahrud,IR,2021-01-23 21:29:39,36.4182,54.9763,28.26,73,100,4.05
97,Ravar,IR,2021-01-23 21:29:40,31.2656,56.8055,32.68,64,0,0.92
98,Sioux Lookout,CA,2021-01-23 21:29:41,50.1001,-91.917,14.0,73,75,5.75
99,Rochegda,RU,2021-01-23 21:29:41,62.8,43.25,11.64,96,100,8.61
100,Yellowknife,CA,2021-01-23 21:27:47,62.456,-114.3525,-16.6,76,20,2.66
101,San Patricio,US,2021-01-23 21:29:42,28.017,-97.5169,69.8,100,90,12.66
102,Fortuna,US,2021-01-23 21:29:42,40.5982,-124.1573,52.0,66,1,13.8
103,Upernavik,GL,2021-01-23 21:29:42,72.7868,-56.1549,21.02,79,97,5.23
104,Lincoln,US,2021-01-23 21:29:43,40.8,-96.667,27.0,86,90,5.75
105,Port Alfred,ZA,2021-01-23 21:29:43,-33.5906,26.891,66.99,93,85,5.01
106,Tarnova,RO,2021-01-23 21:29:44,46.3167,21.8,48.99,81,20,10.36
107,Cidreira,BR,2021-01-23 21:29:44,-30.1811,-50.2056,77.97,79,0,16.4
108,Narsaq,GL,2021-01-23 21:29:44,60.9167,-46.05,26.6,33,0,24.16
109,Port Lincoln,AU,2021-01-23 21:29:45,-34.7333,135.8667,76.96,42,100,9.71
110,Moratuwa,LK,2021-01-23 21:29:45,6.773,79.8816,73.4,88,0,5.75
111,Talcahuano,CL,2021-01-23 21:29:46,-36.7167,-73.1167,64.4,77,0,12.66
112,Tessalit,ML,2021-01-23 21:29:47,20.1986,1.0114,65.64,19,0,10.56
113,Ternate,ID,2021-01-23 21:29:47,0.8,127.4,79.25,82,100,7.67
114,Portland,US,2021-01-23 21:25:04,45.5234,-122.6762,46.99,65,20,2.19
115,Souillac,MU,2021-01-23 21:29:48,-20.5167,57.5167,78.8,83,40,3.44
116,Yatou,CN,2021-01-23 21:29:49,37.15,122.3833,35.17,94,48,7.34
117,Maumere,ID,2021-01-23 21:29:50,-8.6199,122.2111,80.19,77,81,5.06
118,Luderitz,NA,2021-01-23 21:29:50,-26.6481,15.1594,72.52,45,100,27.13
119,Kidal,ML,2021-01-23 21:29:51,18.4411,1.4078,66.81,19,2,10.11
120,Cirie,IT,2021-01-23 21:29:51,45.2351,7.5988,42.01,87,0,2.3
121,Shimoda,JP,2021-01-23 21:29:52,34.6667,138.95,37.0,94,100,3.0
122,Gillette,US,2021-01-23 21:29:52,44.2911,-105.5022,28.4,59,20,13.8
123,Katsuura,JP,2021-01-23 21:29:52,35.1333,140.3,39.2,93,75,23.02
124,Tra Vinh,VN,2021-01-23 21:27:45,9.9347,106.3453,72.52,88,77,6.26
125,Antofagasta,CL,2021-01-23 21:29:41,-23.65,-70.4,75.0,73,20,13.8
126,Bambous Virieux,MU,2021-01-23 21:29:53,-20.3428,57.7575,80.01,83,40,3.44
127,Alexandria,EG,2021-01-23 21:29:54,31.2156,29.9553,55.4,76,40,4.61
128,Imbituba,BR,2021-01-23 21:29:55,-28.24,-48.6703,77.0,88,20,3.44
129,Marsaxlokk,MT,2021-01-23 21:29:55,35.8419,14.5431,57.0,71,20,14.97
130,Cabo San Lucas,MX,2021-01-23 21:26:31,22.8909,-109.9124,75.2,46,40,3.44
131,Clyde River,CA,2021-01-23 21:26:30,70.4692,-68.5914,-9.4,84,1,3.44
132,Port Elizabeth,ZA,2021-01-23 21:29:56,-33.918,25.5701,68.0,83,75,16.11
133,Esperance,AU,2021-01-23 21:29:57,-33.8667,121.9,64.4,88,90,8.05
134,Richards Bay,ZA,2021-01-23 21:29:57,-28.783,32.0377,80.13,77,0,12.73
135,Chebenki,RU,2021-01-23 21:29:57,51.9337,55.7077,10.4,85,90,8.95
136,Necochea,AR,2021-01-23 21:29:58,-38.5473,-58.7368,85.87,42,0,15.61
137,Birin,NP,2021-01-23 21:29:59,26.8865,88.0718,45.12,86,100,3.65
138,Molokovo,RU,2021-01-23 21:29:59,58.1661,36.7628,32.99,99,100,4.81
139,Puerto Carreno,CO,2021-01-23 21:28:20,6.189,-67.4859,94.14,41,100,11.45
140,Karratha,AU,2021-01-23 21:30:06,-20.7377,116.8463,81.63,52,0,14.5
141,Lodja,CD,2021-01-23 21:30:06,-3.4833,23.4333,70.72,92,91,1.81
142,Northam,GB,2021-01-23 21:30:09,51.0333,-4.2167,34.0,83,25,1.01
143,Klaksvik,FO,2021-01-23 21:30:09,62.2266,-6.589,30.2,86,20,19.62
144,Kulhudhuffushi,MV,2021-01-23 21:30:10,6.6221,73.07,81.45,73,37,8.88
145,Saldanha,ZA,2021-01-23 21:30:11,-33.0117,17.9442,66.2,72,90,14.97
146,Castro,BR,2021-01-23 21:28:13,-24.7911,-50.0119,70.72,87,100,2.37
147,Gevrai,IN,2021-01-23 21:30:11,19.2667,75.75,70.47,41,0,5.88
148,Muzhi,RU,2021-01-23 21:30:12,65.3667,64.6667,-39.48,81,12,3.06
149,Saint George,US,2021-01-23 21:30:12,37.1041,-113.5841,51.01,43,40,2.28
150,Gizo,SB,2021-01-23 21:30:13,-8.103,156.8419,82.38,68,100,6.46
151,Sao Filipe,CV,2021-01-23 21:30:13,14.8961,-24.4956,73.83,67,63,7.05
152,San Cristobal,VE,2021-01-23 21:30:13,7.7669,-72.225,86.0,58,40,11.5
153,Rovaniemi,FI,2021-01-23 21:30:14,66.5,25.7167,8.6,85,90,17.27
154,Tuktoyaktuk,CA,2021-01-23 21:30:15,69.4541,-133.0374,-20.2,76,1,13.8
155,Port Blair,IN,2021-01-23 21:30:15,11.6667,92.75,75.4,68,56,7.72
156,Buala,SB,2021-01-23 21:30:15,-8.145,159.5921,83.08,59,100,4.38
157,Barrow,US,2021-01-23 21:30:06,71.2906,-156.7887,6.8,78,1,17.27
158,Vila,PT,2021-01-23 21:30:16,42.0304,-8.1588,48.0,95,95,16.31
159,Polson,US,2021-01-23 21:30:17,47.6936,-114.1632,30.0,64,78,1.01
160,Matara,LK,2021-01-23 21:30:17,5.9485,80.5353,72.03,90,3,7.38
161,Sambava,MG,2021-01-23 21:30:18,-14.2667,50.1667,77.02,84,49,5.73
162,Provideniya,RU,2021-01-23 21:30:18,64.3833,-173.3,6.49,83,20,2.04
163,Roald,NO,2021-01-23 21:30:20,62.5833,6.1333,37.4,87,40,12.66
164,Branford,US,2021-01-23 21:30:20,41.2795,-72.8151,28.99,34,5,5.99
165,Pangody,RU,2021-01-23 21:30:21,65.85,74.4859,-45.31,78,24,3.27
166,Boa Vista,BR,2021-01-23 21:30:22,2.8197,-60.6733,86.0,58,40,6.91
167,Olinda,BR,2021-01-23 21:30:22,-8.0089,-34.8553,78.8,69,20,14.97
168,Vila Velha,BR,2021-01-23 21:30:23,-20.3297,-40.2925,80.6,69,20,8.05
169,Victoria,HK,2021-01-23 21:28:10,22.2855,114.1577,66.99,87,57,1.01
170,Touros,BR,2021-01-23 21:30:24,-5.1989,-35.4608,80.6,74,40,11.5
171,Emba,KZ,2021-01-23 21:26:29,48.8264,58.1442,4.28,91,97,7.52
172,Palm Coast,US,2021-01-23 21:26:46,29.585,-81.2078,60.01,88,90,5.75
173,Panjakent,TJ,2021-01-23 21:30:25,39.4952,67.6093,24.8,80,11,6.91
174,Aksarka,RU,2021-01-23 21:30:26,66.5606,67.7975,-40.23,81,15,2.48
175,Barstow,US,2021-01-23 21:30:26,34.8986,-117.0228,51.8,46,75,4.61
176,Boende,CD,2021-01-23 21:30:27,-0.2167,20.8667,75.69,72,36,2.51
177,Dikson,RU,2021-01-23 21:30:27,73.5069,80.5464,-17.25,90,89,6.31
178,Mitsamiouli,KM,2021-01-23 21:30:27,-11.3847,43.2844,81.48,70,100,3.53
179,Yar-Sale,RU,2021-01-23 21:30:28,66.8333,70.8333,-40.45,81,17,2.19
180,Tamboril,DO,2021-01-23 21:30:28,19.4854,-70.611,86.0,54,20,11.5
181,Fort Nelson,CA,2021-01-23 21:30:28,58.8053,-122.7002,1.4,78,90,3.44
182,Cahul,MD,2021-01-23 21:30:29,45.9075,28.1944,45.28,86,100,14.32
183,Foldes,HU,2021-01-23 21:30:29,47.3,21.3667,46.4,93,100,10.36
184,Muscle Shoals,US,2021-01-23 21:30:30,34.7448,-87.6675,54.0,26,90,6.91
185,Ilulissat,GL,2021-01-23 21:30:30,69.2167,-51.1,19.4,38,0,17.27
186,Mecca,SA,2021-01-23 21:27:07,21.4267,39.8261,74.84,53,1,2.93
187,Chuy,UY,2021-01-23 21:30:31,-33.6971,-53.4616,75.18,79,1,11.3
188,Leshan,CN,2021-01-23 21:30:31,29.5623,103.7639,51.44,74,98,2.17
189,Diu,IN,2021-01-23 21:30:32,20.7141,70.9822,64.49,71,0,4.97
190,Gat,IL,2021-01-23 21:28:02,31.61,34.7642,52.0,47,0,1.88
191,Uitenhage,ZA,2021-01-23 21:29:48,-33.7576,25.3971,71.01,83,75,16.11
192,Lagoa,PT,2021-01-23 21:30:33,39.05,-27.9833,61.39,90,100,20.83
193,Lasa,IT,2021-01-23 21:30:33,46.6166,10.7002,35.6,93,40,4.14
194,San Luis,AR,2021-01-23 21:30:33,-33.295,-66.3356,92.79,22,0,9.57
195,Horsham,GB,2021-01-23 21:30:34,51.064,-0.3272,34.0,93,0,2.3
196,Chokurdakh,RU,2021-01-23 21:30:34,70.6333,147.9167,-37.44,83,86,6.24
197,Mao,ES,2021-01-23 21:30:34,39.8885,4.2658,55.4,67,0,21.85
198,Henties Bay,NA,2021-01-23 21:30:35,-22.116,14.2845,71.01,87,100,1.05
199,Vardo,NO,2021-01-23 21:30:35,70.3705,31.1107,22.39,96,100,30.58
200,Adrar,MR,2021-01-23 21:30:36,20.5022,-10.0711,65.5,21,7,8.57
201,Abu Dhabi,AE,2021-01-23 21:30:36,24.4667,54.3667,66.2,59,0,4.61
202,Kaliua,TZ,2021-01-23 21:30:36,-5.0606,31.7936,64.53,93,100,0.89
203,Puerto Madero,MX,2021-01-23 21:30:37,14.7208,-92.4215,86.0,66,75,10.36
204,Merrill,US,2021-01-23 21:30:37,45.1805,-89.6835,19.4,58,1,4.61
205,Dudinka,RU,2021-01-23 21:27:22,69.4058,86.1778,-40.7,78,26,0.85
206,Alice Springs,AU,2021-01-23 21:30:38,-23.7,133.8833,84.2,54,90,14.97
207,Craig,US,2021-01-23 21:30:38,40.5153,-107.5464,33.8,64,20,16.11
208,Lima,PE,2021-01-23 21:30:06,-12.0432,-77.0282,78.8,65,0,10.36
209,Cockburn Town,TC,2021-01-23 21:30:39,21.4612,-71.1419,80.6,65,40,6.91
210,Urumqi,CN,2021-01-23 21:30:39,43.801,87.6005,8.6,85,0,4.47
211,Yantal,RU,2021-01-23 21:30:40,56.8471,105.2542,-9.96,87,100,2.24
212,Kruisfontein,ZA,2021-01-23 21:30:40,-34.0033,24.7314,71.01,72,100,5.01
213,Gbarnga,LR,2021-01-23 21:30:41,6.9956,-9.4722,70.14,64,25,2.64
214,Bilibino,RU,2021-01-23 21:30:41,68.0546,166.4372,-24.75,82,100,2.93
215,Port-Gentil,GA,2021-01-23 21:30:42,-0.7193,8.7815,77.0,100,90,5.75
216,Kavieng,PG,2021-01-23 21:30:42,-2.5744,150.7967,83.05,73,94,6.78
217,Barranca,PE,2021-01-23 21:30:42,-10.75,-77.7667,74.53,69,3,7.92
218,Ahipara,NZ,2021-01-23 21:30:43,-35.1667,173.1667,69.3,66,20,9.04
219,Baraboo,US,2021-01-23 21:30:43,43.4711,-89.7443,23.0,45,40,4.61
220,Newport,GB,2021-01-23 21:30:43,51.5877,-2.9984,30.99,90,17,4.25
221,Kalnciems,LV,2021-01-23 21:30:44,56.8011,23.6097,37.4,93,90,9.22
222,Afonso Bezerra,BR,2021-01-23 21:30:44,-5.4983,-36.5056,83.86,59,63,15.03
223,Fayaoue,NC,2021-01-23 21:30:44,-20.65,166.5333,79.7,83,98,28.66
224,Benghazi,LY,2021-01-23 21:30:45,32.1167,20.0667,59.16,53,4,16.78
225,Camacha,PT,2021-01-23 21:30:45,33.0833,-16.3333,60.8,94,40,3.44
226,Tigil,RU,2021-01-23 21:30:45,57.8,158.6667,-7.69,91,99,0.11
227,Half Moon Bay,US,2021-01-23 21:30:46,37.4636,-122.4286,55.4,76,1,10.36
228,Bernalda,IT,2021-01-23 21:30:46,40.4128,16.692,46.99,73,17,1.01
229,Mehkar,IN,2021-01-23 21:30:46,20.1508,76.569,68.09,38,0,7.52
230,Kandrian,PG,2021-01-23 21:30:47,-6.2167,149.55,81.43,70,96,9.66
231,Mushie,CD,2021-01-23 21:29:17,-3.0167,16.9,73.74,87,99,3.33
232,Mehamn,NO,2021-01-23 21:30:48,71.0357,27.8492,21.58,94,100,25.93
233,Lydenburg,ZA,2021-01-23 21:30:48,-25.0978,30.4597,75.0,92,100,3.0
234,Springdale,US,2021-01-23 21:27:06,36.1867,-94.1288,45.0,42,90,5.75
235,Saravan,AM,2021-01-23 21:30:49,39.7196,45.6483,3.2,85,0,4.61
236,Black River,JM,2021-01-23 21:30:49,18.0264,-77.8487,82.99,74,40,17.27
237,North Bend,US,2021-01-23 21:30:50,43.4065,-124.2243,50.0,62,40,9.22
238,Pacifica,US,2021-01-23 21:27:27,37.6138,-122.4869,55.4,62,40,4.61
239,Cedar City,US,2021-01-23 21:30:51,37.6775,-113.0619,33.8,69,1,21.85
240,Marawi,PH,2021-01-23 21:30:51,7.9986,124.2928,73.99,93,100,5.01
241,Bukama,CD,2021-01-23 21:30:51,-9.2,25.85,69.1,92,97,1.34
242,Swan Hill,AU,2021-01-23 21:30:26,-35.3378,143.5544,85.84,20,63,7.99
243,Wisconsin Rapids,US,2021-01-23 21:26:08,44.3836,-89.8174,21.0,58,75,5.48
244,Valleyview,CA,2021-01-23 21:30:52,55.0667,-117.2859,5.0,85,100,4.61
245,Frontera,MX,2021-01-23 21:30:53,26.9333,-101.45,81.0,38,0,1.99
246,Komsomolskiy,UZ,2021-01-23 21:30:53,40.4272,71.7189,24.8,50,48,4.61
247,Umarkot,PK,2021-01-23 21:30:54,25.3616,69.7362,54.88,25,0,8.95
248,Prince Rupert,CA,2021-01-23 21:30:54,54.3161,-130.3201,35.6,80,90,6.91
249,Springbok,ZA,2021-01-23 21:30:55,-29.6643,17.8865,65.71,41,50,7.2
250,Tasiilaq,GL,2021-01-23 21:30:56,65.6145,-37.6368,15.8,48,75,3.44
251,Constitucion,CL,2021-01-23 21:25:56,-35.3333,-72.4167,66.81,70,14,6.8
252,Baglung,NP,2021-01-23 21:30:56,28.2719,83.5898,48.76,55,1,4.56
253,Maniitsoq,GL,2021-01-23 21:30:57,65.4167,-52.9,18.43,77,0,4.12
254,Soyo,AO,2021-01-23 21:30:57,-6.1349,12.3689,78.64,82,100,4.63
255,Husavik,IS,2021-01-23 21:30:57,66.0449,-17.3389,30.2,86,90,18.41
256,Akyab,MM,2021-01-23 21:30:58,20.15,92.9,61.23,61,0,7.99
257,Paita,PE,2021-01-23 21:30:58,-5.0892,-81.1144,84.2,58,0,11.5
258,Moog,PH,2021-01-23 21:30:58,8.6011,124.4658,73.99,93,100,5.01
259,Marsa Matruh,EG,2021-01-23 21:30:59,31.3525,27.2453,51.8,71,0,1.74
260,Evensk,RU,2021-01-23 21:30:59,61.95,159.2333,-12.77,82,99,8.79
261,Malanje,AO,2021-01-23 21:30:59,-9.5402,16.341,64.35,97,100,4.88
262,Mayna,RU,2021-01-23 21:31:00,54.1135,47.6231,33.15,98,100,9.71
263,Bursa,TR,2021-01-23 21:31:00,40.1667,29.0833,48.2,66,0,10.36
264,Fengzhen,CN,2021-01-23 21:31:00,40.4394,113.1536,20.43,83,0,2.37
265,Trairi,BR,2021-01-23 21:31:01,-3.2778,-39.2689,80.15,78,93,8.77
266,Bulata,PH,2021-01-23 21:31:01,9.8599,122.4016,78.55,76,95,1.25
267,Itoman,JP,2021-01-23 21:31:02,26.1247,127.6694,66.2,77,75,20.71
268,Kokoda,PG,2021-01-23 21:31:02,-8.8785,147.7407,79.79,65,93,0.2
269,Arraial Do Cabo,BR,2021-01-23 21:31:02,-22.9661,-42.0278,80.6,83,0,19.57
270,Semnan,IR,2021-01-23 21:31:03,35.5729,53.3971,29.84,73,55,1.97
271,Ulladulla,AU,2021-01-23 21:31:03,-35.35,150.4667,77.0,78,2,6.91
272,Quatre Cocos,MU,2021-01-23 21:31:03,-20.2078,57.7625,80.01,83,40,3.44
273,Galle,LK,2021-01-23 21:31:04,6.0367,80.217,73.87,86,2,4.32
274,Khatanga,RU,2021-01-23 21:31:04,71.9667,102.5,-26.55,85,100,11.05
275,Cherskiy,RU,2021-01-23 21:31:04,68.75,161.3,-23.87,86,100,6.67
276,Brownwood,US,2021-01-23 21:31:05,31.7093,-98.9912,59.0,77,90,10.36
277,Georgetown,MY,2021-01-23 21:30:13,5.4112,100.3354,78.01,88,20,3.31
278,Aklavik,CA,2021-01-23 21:31:05,68.2191,-135.0107,-0.4,78,75,8.05
279,Yeppoon,AU,2021-01-23 21:31:06,-23.1333,150.7333,75.2,64,40,5.75
280,Auki,SB,2021-01-23 21:31:06,-8.7676,160.7034,82.44,63,66,5.19
281,Krasnoselkup,RU,2021-01-23 21:31:07,65.7,82.4667,-42.03,74,0,6.2
282,Darab,IR,2021-01-23 21:31:07,28.7519,54.5444,43.75,51,83,1.54
283,Mahebourg,MU,2021-01-23 21:31:07,-20.4081,57.7,78.8,83,40,3.44
284,Flin Flon,CA,2021-01-23 21:31:08,54.7682,-101.865,-7.6,71,75,9.22
285,Macamic,CA,2021-01-23 21:31:08,48.7502,-78.9996,3.2,66,20,9.22
286,Lorengau,PG,2021-01-23 21:31:08,-2.0226,147.2712,82.67,68,92,3.06
287,Mujiayingzi,CN,2021-01-23 21:31:09,42.1167,118.7833,20.19,85,81,3.85
288,Vallenar,CL,2021-01-23 21:29:01,-28.5708,-70.7581,83.95,24,0,9.95
289,Samarinda,ID,2021-01-23 21:31:09,-0.5,117.15,74.25,96,100,1.57
290,Kushima,JP,2021-01-23 21:31:10,31.4583,131.2333,53.6,100,75,3.44
291,Grand Gaube,MU,2021-01-23 21:31:10,-20.0064,57.6608,80.01,74,2,1.99
292,Copiapo,CL,2021-01-23 21:30:32,-27.3667,-70.3333,71.6,60,20,10.36
293,Davidson,US,2021-01-23 21:28:33,36.1501,-86.7833,46.99,25,20,8.05
294,San Jose,US,2021-01-23 21:29:48,37.3394,-121.895,55.99,58,40,6.91
295,Hamilton,US,2021-01-23 21:31:12,39.1834,-84.5333,34.0,40,1,5.75
296,Dandong,CN,2021-01-23 21:31:12,40.1292,124.3947,29.34,95,0,1.74
297,Axim,GH,2021-01-23 21:31:12,4.8699,-2.2405,78.94,84,43,8.43
298,Eyl,SO,2021-01-23 21:31:13,7.9803,49.8164,72.61,71,65,15.9
299,La Plata,AR,2021-01-23 21:29:12,-34.9215,-57.9545,91.0,43,0,1.99
300,Mount Isa,AU,2021-01-23 21:30:44,-20.7333,139.5,77.0,78,100,5.41
301,Itarema,BR,2021-01-23 21:31:14,-2.9248,-39.9167,80.15,77,93,12.8
302,Hobyo,SO,2021-01-23 21:31:15,5.3505,48.5268,76.51,73,80,20.04
303,Mayo,US,2021-01-23 21:31:15,38.8876,-76.5119,34.0,37,1,13.8
304,Mogadishu,SO,2021-01-23 21:31:16,2.0371,45.3438,76.12,82,77,19.93
305,Coquimbo,CL,2021-01-23 21:29:37,-29.9533,-71.3436,69.8,68,20,12.66
306,Rivadavia,AR,2021-01-23 21:31:16,-33.1905,-68.4608,100.4,16,20,8.05
307,Sherman,US,2021-01-23 21:31:17,33.6357,-96.6089,53.6,71,90,9.22
308,Okha,RU,2021-01-23 21:31:17,53.5739,142.9478,-9.96,86,100,4.54
309,Inirida,CO,2021-01-23 21:31:17,3.8653,-67.9239,78.46,84,80,2.13
310,Tezu,IN,2021-01-23 21:31:18,27.9167,96.1667,60.01,50,53,2.73
311,Kysyl-Syr,RU,2021-01-23 21:31:18,63.8986,122.7617,-56.65,57,55,4.94
312,Muzaffarabad,PK,2021-01-23 21:30:33,34.37,73.4711,40.1,64,0,6.53
313,Hambantota,LK,2021-01-23 21:31:19,6.1241,81.1185,71.6,100,1,5.75
314,Xuddur,SO,2021-01-23 21:31:19,4.1213,43.8894,71.64,68,57,17.22
315,Oskarshamn,SE,2021-01-23 21:31:20,57.2645,16.4484,33.01,95,100,3.89
316,Yibin,CN,2021-01-23 21:31:20,28.7667,104.6238,53.44,74,100,0.89
317,Gurupi,BR,2021-01-23 21:31:20,-11.7292,-49.0686,79.07,75,87,4.61
318,Jurmala,LV,2021-01-23 21:31:21,56.968,23.7704,37.4,93,90,9.22
319,Rocha,UY,2021-01-23 21:31:21,-34.4833,-54.3333,77.9,67,4,13.65
320,Porto De Moz,BR,2021-01-23 21:31:21,-1.7483,-52.2383,82.33,58,4,2.71
321,Loa Janan,ID,2021-01-23 21:31:22,-0.583,117.095,74.21,96,100,1.61
322,Payakumbuh,ID,2021-01-23 21:31:22,-0.2202,100.6308,69.19,91,100,0.92
323,Finschhafen,PG,2021-01-23 21:31:22,-6.6024,147.8681,83.86,71,100,10.56
324,Tiksi,RU,2021-01-23 21:31:23,71.6872,128.8694,-42.0,79,35,5.12
325,Santander,ES,2021-01-23 21:30:32,43.4647,-3.8044,53.6,87,75,8.05
326,Naze,JP,2021-01-23 21:31:23,28.3667,129.4833,61.83,89,35,14.45
327,Oranjemund,NA,2021-01-23 21:31:24,-28.55,16.4333,64.65,82,86,16.64
328,San Andres,CO,2021-01-23 21:31:25,12.5847,-81.7006,84.2,70,40,13.8
329,Sao Joao Da Barra,BR,2021-01-23 21:31:25,-21.6403,-41.0511,82.4,57,20,13.8
330,Pemangkat,ID,2021-01-23 21:31:25,1.1667,108.9667,76.59,88,100,6.91
331,Maceio,BR,2021-01-23 21:31:25,-9.6658,-35.7353,80.6,74,75,10.36
332,Grand-Santi,GF,2021-01-23 21:31:26,4.25,-54.3833,74.73,96,44,3.22
333,Petrozavodsk,RU,2021-01-23 21:27:20,61.7849,34.3469,33.8,86,100,11.18
334,Nemuro,JP,2021-01-23 21:31:26,43.3236,145.575,20.3,92,0,5.99
335,Llangefni,GB,2021-01-23 21:31:27,53.2556,-4.3106,39.99,80,40,2.3
336,Kui Buri,TH,2021-01-23 21:31:27,12.0828,99.8543,70.56,72,0,3.76
337,Nuuk,GL,2021-01-23 21:31:27,64.1835,-51.7216,21.2,73,20,2.3
338,Slave Lake,CA,2021-01-23 21:30:00,55.2834,-114.769,1.4,66,90,8.05
339,Wagga Wagga,AU,2021-01-23 21:31:28,-35.1167,147.3667,84.99,35,0,9.22
340,Oktyabrskoye,RU,2021-01-23 21:31:28,43.0645,44.7417,21.2,86,0,4.47
341,Sevierville,US,2021-01-23 21:31:29,35.8681,-83.5618,45.0,29,1,10.36
342,Morant Bay,JM,2021-01-23 21:31:29,17.8815,-76.4093,86.0,66,40,5.75
343,Samarai,PG,2021-01-23 21:31:29,-10.6167,150.6667,82.11,77,100,9.86
344,Acajutla,SV,2021-01-23 21:30:54,13.5928,-89.8275,87.8,33,20,2.3
345,Gombong,ID,2021-01-23 21:31:30,-7.6072,109.5142,76.57,85,97,2.48
346,Vao,NC,2021-01-23 21:31:30,-22.6667,167.4833,75.99,81,93,25.99
347,Isangel,VU,2021-01-23 21:31:31,-19.55,169.2667,84.2,79,90,6.85
348,Kortkeros,RU,2021-01-23 21:31:31,61.8106,51.5806,-4.0,77,90,6.71
349,Sosua,DO,2021-01-23 21:31:31,19.7667,-70.5167,82.4,78,20,17.27
350,Suoyarvi,RU,2021-01-23 21:31:32,62.0833,32.35,32.49,97,100,8.32
351,Tura,IN,2021-01-23 21:31:32,25.5198,90.2201,56.57,64,100,1.97
352,Longyearbyen,SJ,2021-01-23 21:31:33,78.2186,15.6401,5.0,78,0,14.97
353,Kibala,TD,2021-01-23 21:31:33,9.1104,18.3463,77.0,33,0,5.53
354,Zelenoborsk,RU,2021-01-23 21:31:33,61.4669,64.0333,-35.19,82,0,3.47
355,Champerico,GT,2021-01-23 21:31:34,14.3,-91.9167,87.8,51,40,9.22
356,Ken Caryl,US,2021-01-23 21:30:57,39.5773,-105.1169,48.0,34,39,3.0
357,Inta,RU,2021-01-23 21:31:34,66.0317,60.1659,-20.58,76,21,6.02
358,Hohhot,CN,2021-01-23 21:31:34,40.8106,111.6522,17.6,62,0,8.95
359,Tautira,PF,2021-01-23 21:31:35,-17.7333,-149.15,84.2,65,40,5.75
360,Bilma,NE,2021-01-23 21:31:36,18.6853,12.9164,61.25,25,0,9.42
361,Caravelas,BR,2021-01-23 21:31:36,-17.7125,-39.2481,75.79,80,34,5.39
362,Nishihara,JP,2021-01-23 21:31:37,26.1842,127.7558,66.2,77,75,20.71
363,Torbay,CA,2021-01-23 21:31:37,47.6666,-52.7314,26.01,86,90,18.41
364,Tsaratanana,MG,2021-01-23 21:31:37,-16.7833,47.65,73.13,75,36,4.88
365,Ribeira Grande,PT,2021-01-23 21:31:38,38.5167,-28.7,62.6,94,75,16.11
366,Tooele,US,2021-01-23 21:31:38,40.5308,-112.2983,34.0,100,90,9.22
367,Meulaboh,ID,2021-01-23 21:31:38,4.1363,96.1285,75.07,90,60,4.52
368,Abha,SA,2021-01-23 21:31:03,18.2164,42.5053,55.4,30,7,2.08
369,Santa Cruz,BO,2021-01-23 21:29:05,-17.8,-63.1667,80.6,78,75,8.05
370,Naron,ES,2021-01-23 21:31:40,43.5167,-8.1528,54.0,87,75,13.8
371,Beringovskiy,RU,2021-01-23 21:31:40,63.05,179.3167,-8.48,88,3,0.38
372,Ixtapa,MX,2021-01-23 21:31:40,20.7,-105.2,75.2,78,1,12.66
373,Vitkov,CZ,2021-01-23 21:31:41,49.7744,17.7494,37.0,100,100,10.87
374,Plettenberg Bay,ZA,2021-01-23 21:31:41,-34.0527,23.3716,68.94,77,63,7.83
375,Faanui,PF,2021-01-23 21:31:41,-16.4833,-151.75,81.34,69,3,13.47
376,Chapais,CA,2021-01-23 21:31:41,49.7834,-74.8492,5.0,78,90,9.22
377,Hovd,MN,2021-01-23 21:31:42,48.0056,91.6419,8.38,77,100,3.56
378,Taoudenni,ML,2021-01-23 21:31:43,22.6783,-3.9836,66.58,20,0,9.48
379,Sindou,BF,2021-01-23 21:31:43,10.6667,-5.1667,73.53,18,38,6.24
380,Denpasar,ID,2021-01-23 21:31:43,-8.65,115.2167,78.8,89,20,5.75
381,Kendari,ID,2021-01-23 21:31:44,-3.945,122.4989,76.59,87,100,0.87
382,Ketchikan,US,2021-01-23 21:31:44,55.3422,-131.6461,32.0,100,90,4.61
383,Takoradi,GH,2021-01-23 21:31:44,4.8845,-1.7554,79.29,82,78,8.3
384,Castelbuono,IT,2021-01-23 21:31:45,37.932,14.0886,55.0,57,5,20.0
385,Ponta Delgada,PT,2021-01-23 21:31:45,37.7333,-25.6667,63.0,100,75,14.97
386,Gerash,IR,2021-01-23 21:31:45,27.6652,54.1371,48.2,34,0,2.19
387,Sinnamary,GF,2021-01-23 21:31:46,5.3833,-52.95,77.76,89,100,12.53
388,Juneau,US,2021-01-23 21:31:46,58.3019,-134.4197,32.0,80,90,13.8
389,Okhotsk,RU,2021-01-23 21:31:46,59.3833,143.3,-14.8,80,100,9.24
390,Gamba,GA,2021-01-23 21:31:47,-2.65,10.0,76.14,90,93,1.52
391,Swellendam,ZA,2021-01-23 21:31:47,-34.0226,20.4417,62.6,94,99,4.61
392,Monastyrshchina,RU,2021-01-23 21:31:47,54.3496,31.838,32.79,96,99,10.04
393,Thompson,CA,2021-01-23 21:31:48,55.7435,-97.8558,-9.4,77,90,9.22
394,Porto Novo,BJ,2021-01-23 21:31:48,6.4965,2.6036,82.4,54,100,2.3
395,Bartica,GY,2021-01-23 21:31:48,6.4,-58.6167,82.4,78,40,6.91
396,Asau,RO,2021-01-23 21:31:49,46.4333,26.4,37.99,61,86,4.47
397,Ampanihy,MG,2021-01-23 21:31:49,-24.7,44.75,76.84,87,100,2.44
398,Trincomalee,LK,2021-01-23 21:31:50,8.5711,81.2335,77.43,74,57,10.78
399,Zhigansk,RU,2021-01-23 21:31:50,66.7697,123.3711,-53.93,67,51,3.42
400,Ban Bung,TH,2021-01-23 21:31:50,18.3081,100.7044,66.0,57,0,1.72
401,Viedma,AR,2021-01-23 21:31:51,-40.8135,-62.9967,75.7,44,4,25.48
402,Palembang,ID,2021-01-23 21:31:23,-2.9167,104.7458,74.32,96,99,1.74
403,Berdigestyakh,RU,2021-01-23 21:31:52,62.0989,126.6992,-54.9,65,61,4.94
404,Cabedelo,BR,2021-01-23 21:31:52,-6.9811,-34.8339,80.6,74,20,13.8
405,Vynohradove,UA,2021-01-23 21:31:52,46.3696,32.9398,46.4,87,75,13.42
406,Opole,PL,2021-01-23 21:28:31,50.5,18.0,35.01,95,100,1.01
407,Kiruna,SE,2021-01-23 21:31:53,67.8557,20.2251,1.4,85,90,9.22
408,Carballo,ES,2021-01-23 21:31:53,43.213,-8.691,51.01,93,100,8.99
409,Tambo,PE,2021-01-23 21:31:54,-14.8,-73.9167,41.22,96,93,9.19
410,Fairmont,US,2021-01-23 21:31:54,39.4851,-80.1426,30.99,45,0,1.99
411,Sandpoint,US,2021-01-23 21:31:54,48.2766,-116.5533,27.0,74,90,3.44
412,Kawalu,ID,2021-01-23 21:31:55,-7.3817,108.2082,73.42,88,100,1.3
413,Linhares,BR,2021-01-23 21:31:55,-19.3911,-40.0722,74.26,84,3,5.26
414,Pyrzyce,PL,2021-01-23 21:31:55,53.1462,14.8926,33.01,100,90,3.44
415,Cayenne,GF,2021-01-23 21:30:08,4.9333,-52.3333,78.8,89,40,4.61
416,Jinan,CN,2021-01-23 21:31:56,36.6683,116.9972,37.99,57,100,1.72
417,Pacasmayo,PE,2021-01-23 21:31:56,-7.4006,-79.5714,75.18,70,10,13.51
418,Tukrah,LY,2021-01-23 21:31:57,32.5341,20.5791,55.54,45,5,15.23
419,Luanda,AO,2021-01-23 21:31:57,-8.8368,13.2343,78.8,83,40,5.75
420,Marang,MY,2021-01-23 21:31:57,5.2056,103.2059,75.2,94,40,3.44
421,Port Hardy,CA,2021-01-23 21:31:58,50.6996,-127.4199,39.2,75,90,2.3
422,Alofi,NU,2021-01-23 21:31:58,-19.0595,-169.9187,86.0,70,47,5.75
423,Juchipila,MX,2021-01-23 21:31:58,21.4167,-103.1167,84.22,19,90,10.38
424,Jiuquan,CN,2021-01-23 21:31:59,39.7432,98.5174,18.09,85,89,2.57
425,Mende,FR,2021-01-23 21:32:00,44.6667,3.5,26.26,100,100,2.75
426,Hervey Bay,AU,2021-01-23 21:32:00,-25.2986,152.8535,73.4,73,44,9.22
427,Mattru,SL,2021-01-23 21:32:00,7.6244,-11.8332,76.08,82,5,4.54
428,Kanbe,MM,2021-01-23 21:32:01,16.7053,96.0017,68.0,94,0,5.75
429,Sechura,PE,2021-01-23 21:32:01,-5.5569,-80.8222,79.61,59,8,16.62
430,Sunndalsora,NO,2021-01-23 21:32:01,62.6754,8.5515,39.2,70,90,9.22
431,Orlik,RU,2021-01-23 21:32:02,52.5178,99.825,-0.27,86,100,0.58
432,Ceska Trebova,CZ,2021-01-23 21:32:02,49.9044,16.4441,34.0,91,100,1.28
433,Najran,SA,2021-01-23 21:32:02,17.4924,44.1277,50.0,37,0,1.25
434,Langarud,IR,2021-01-23 21:32:02,37.197,50.1535,37.4,75,0,2.3
435,Zhangye,CN,2021-01-23 21:32:04,38.9342,100.4517,20.75,83,86,2.73
436,Chigasaki,JP,2021-01-23 21:32:05,35.3261,139.4039,37.0,79,100,7.0
437,Camocim,BR,2021-01-23 21:32:06,-2.9022,-40.8411,78.76,82,66,11.88
438,Warwick,US,2021-01-23 21:29:30,41.7001,-71.4162,28.99,37,20,19.57
439,Requena,ES,2021-01-23 21:32:07,39.4883,-1.1004,60.8,59,20,26.46
440,Praya,CV,2021-01-23 21:32:07,14.9215,-23.5087,71.6,73,0,14.97
441,Te Anau,NZ,2021-01-23 21:32:08,-45.4167,167.7167,53.74,84,100,7.63
442,Fougamou,GA,2021-01-23 21:32:08,-1.2154,10.5838,73.67,92,100,0.58
443,Port Macquarie,AU,2021-01-23 21:32:09,-31.4333,152.9167,73.0,86,5,10.74
444,Misratah,LY,2021-01-23 21:32:10,32.3754,15.0925,59.27,71,0,9.82
445,Pacific Grove,US,2021-01-23 21:28:37,36.6177,-121.9166,55.99,62,40,6.91
446,Ndele,CF,2021-01-23 21:32:10,8.4109,20.6473,75.87,24,61,5.64
447,Avila,ES,2021-01-23 21:31:19,40.5833,-5.0,48.99,87,100,7.0
448,Bonthe,SL,2021-01-23 21:32:11,7.5264,-12.505,78.1,81,10,8.34
449,Saint-Francois,FR,2021-01-23 21:32:12,46.4154,3.9054,39.0,87,75,6.91
450,Massena,US,2021-01-23 21:32:12,44.9281,-74.8919,10.4,56,1,16.11
451,Rio Gallegos,AR,2021-01-23 21:32:12,-51.6226,-69.2181,69.8,14,40,14.97
452,Japura,ID,2021-01-23 21:32:13,-0.3167,102.35,72.09,96,74,1.01
453,Santa Rosa,PH,2021-01-23 21:32:13,14.3122,121.1114,78.8,94,40,1.14
454,Kangalassy,RU,2021-01-23 21:32:13,62.3464,129.9628,-59.8,57,90,2.24
455,Sungaipenuh,ID,2021-01-23 21:32:14,-2.0833,101.3833,64.35,87,100,3.36
456,Red Wing,US,2021-01-23 21:32:14,44.5625,-92.5338,19.4,63,90,11.5
457,Goderich,CA,2021-01-23 21:32:15,43.7501,-81.7165,21.2,86,100,5.75
458,Labuhan,ID,2021-01-23 21:32:15,-6.8844,112.2051,78.31,83,100,5.91
459,Kota Belud,MY,2021-01-23 21:32:16,6.351,116.4305,75.2,94,20,4.61
460,La Sarre,CA,2021-01-23 21:30:08,48.8002,-79.1996,-4.92,91,93,5.44
461,Calceta,EC,2021-01-23 21:32:16,-0.85,-80.1667,82.4,78,20,8.05
462,Massakory,TD,2021-01-23 21:32:17,12.996,15.7293,70.61,19,0,11.34
463,Charters Towers,AU,2021-01-23 21:32:17,-20.1,146.2667,73.72,73,0,11.36
464,Zolotukhino,RU,2021-01-23 21:32:17,52.0842,36.3772,35.01,94,100,3.0
465,Lyuban,BY,2021-01-23 21:32:18,52.7985,28.0048,32.83,95,79,10.47
466,Sitka,US,2021-01-23 21:32:18,57.0531,-135.33,37.4,93,90,4.61
467,Kenai,US,2021-01-23 21:27:42,60.5544,-151.2583,35.6,75,90,20.71
468,Kralendijk,BQ,2021-01-23 21:32:19,12.15,-68.2667,80.6,78,40,17.27
469,Ballina,AU,2021-01-23 21:32:19,-28.8667,153.5667,69.8,78,24,4.61
470,San Pedro,PH,2021-01-23 21:32:19,14.35,121.0167,78.8,94,40,1.14
471,Aguimes,ES,2021-01-23 21:32:20,27.9054,-15.4461,64.4,77,20,11.5
472,Rudovci,RS,2021-01-23 21:32:20,44.3801,20.4051,51.01,71,0,6.91
473,Yining,CN,2021-01-23 21:32:22,29.0361,114.5636,42.93,89,0,1.54
474,Flinders,AU,2021-01-23 21:32:22,-34.5833,150.8552,78.01,90,0,1.01
475,Hofn,IS,2021-01-23 21:32:22,64.2539,-15.2082,34.41,83,100,27.45
476,Saint-Pierre,RE,2021-01-23 21:32:23,-21.3393,55.4781,78.8,73,40,6.91
477,Morros,BR,2021-01-23 21:32:23,-9.4467,-46.3003,79.93,52,52,10.58
478,Sevenoaks,GB,2021-01-23 21:32:23,51.27,0.1928,32.0,89,0,9.24
479,Mineralnyye Vody,RU,2021-01-23 21:32:24,44.2103,43.1353,17.6,86,0,4.47
480,Alegrete,BR,2021-01-23 21:32:24,-29.7831,-55.7919,91.24,38,38,6.53
481,San Vicente,AR,2021-01-23 21:32:24,-26.6167,-54.1333,73.02,92,52,3.06
482,Muros,ES,2021-01-23 21:32:25,42.7762,-9.0603,55.0,84,100,20.0
483,Antalaha,MG,2021-01-23 21:32:25,-14.9003,50.2788,76.05,87,46,6.11
484,Whitehorse,CA,2021-01-23 21:32:26,60.7161,-135.0538,6.8,92,90,8.05
485,Istra,RU,2021-01-23 21:32:26,55.9178,36.8642,33.8,100,90,8.95
486,Godalming,GB,2021-01-23 21:29:04,51.1846,-0.6173,30.0,86,0,5.75
487,Khandyga,RU,2021-01-23 21:32:27,62.6667,135.6,-45.92,78,100,1.19
488,Canavieiras,BR,2021-01-23 21:32:27,-15.675,-38.9472,82.4,78,75,5.75
489,Atar,MR,2021-01-23 21:32:28,20.5169,-13.0499,66.38,21,72,7.14
490,Kankon,IN,2021-01-23 21:32:28,15.0167,74.0167,73.96,80,1,3.69
491,Joensuu,FI,2021-01-23 21:32:28,62.6012,29.7632,34.0,93,90,8.05
492,Chau Doc,VN,2021-01-23 21:32:28,10.7,105.1167,72.81,93,84,5.46
493,Governador Valadares,BR,2021-01-23 21:32:29,-18.8511,-41.9494,72.88,84,33,5.91
494,Ghaziabad,IN,2021-01-23 21:32:29,28.6667,77.4333,55.4,88,90,3.09
495,Grindavik,IS,2021-01-23 21:32:30,63.8424,-22.4338,30.2,80,75,28.77
496,Boden,SE,2021-01-23 21:28:11,65.8252,21.6886,12.2,85,90,11.5
497,Nador,MA,2021-01-23 21:32:30,35.174,-2.9287,59.0,77,0,6.91
498,General Roca,AR,2021-01-23 21:32:31,-39.0333,-67.5833,104.0,22,0,1.14
499,San Jeronimo,PE,2021-01-23 21:32:31,-11.9472,-75.2829,59.13,57,78,5.84
500,Alyangula,AU,2021-01-23 21:32:31,-13.8483,136.4192,77.0,100,100,8.48
501,Los Llanos De Aridane,ES,2021-01-23 21:32:32,28.6585,-17.9182,66.2,77,75,6.91
502,Santa Barbara,US,2021-01-23 21:28:08,34.7333,-120.0343,53.01,81,90,6.91
503,Jauharabad,PK,2021-01-23 21:32:32,32.2898,72.2813,48.29,35,0,5.08
504,Cairns,AU,2021-01-23 21:32:33,-16.9167,145.7667,78.8,73,37,8.05
505,Toora-Khem,RU,2021-01-23 21:32:33,52.4675,96.11,-5.66,86,100,0.96
506,Belyy Yar,RU,2021-01-23 21:32:34,53.6039,91.3903,3.2,72,0,5.19
507,Taitung,TW,2021-01-23 21:32:34,22.7583,121.1444,66.78,80,62,16.53
508,Shamgarh,IN,2021-01-23 21:32:34,24.1833,75.6333,62.49,49,0,8.72
509,Las Vegas,US,2021-01-23 21:31:18,36.175,-115.1372,54.0,32,1,5.75
510,Avera,US,2021-01-23 21:32:35,33.194,-82.5271,59.0,36,1,6.91
511,Kungurtug,RU,2021-01-23 21:32:35,50.5994,97.5228,1.83,88,100,1.83
512,Comodoro Rivadavia,AR,2021-01-23 21:30:02,-45.8667,-67.5,64.4,42,20,16.11
513,Lerwick,GB,2021-01-23 21:32:36,60.1545,-1.1494,39.2,75,75,13.8
514,Tiznit,MA,2021-01-23 21:32:36,29.5833,-9.5,58.51,78,62,1.74
515,Uddevalla,SE,2021-01-23 21:28:10,58.3478,11.9424,35.6,87,90,10.36
516,Khani,GE,2021-01-23 21:32:37,41.9563,42.9566,41.0,38,0,14.97
517,Hualmay,PE,2021-01-23 21:32:38,-11.0964,-77.6139,74.95,69,31,8.01
518,Barinas,VE,2021-01-23 21:32:38,8.6226,-70.2075,87.19,48,83,5.97
519,Churachandpur,IN,2021-01-23 21:32:39,24.3333,93.6667,45.03,94,31,1.63
520,Vestmanna,FO,2021-01-23 21:32:39,62.1564,-7.1664,30.2,86,20,15.52
521,Hinatuan,PH,2021-01-23 21:32:39,8.3722,126.3342,74.35,92,100,3.53
522,Marienburg,PL,2021-01-23 21:32:40,54.0359,19.0266,34.0,100,90,18.41
523,Pitea,SE,2021-01-23 21:32:40,65.3172,21.4794,12.2,85,90,11.5
524,San Dionisio Del Mar,MX,2021-01-23 21:32:40,16.3333,-94.75,86.29,62,100,5.1
525,Svirstroy,RU,2021-01-23 21:32:41,60.7999,33.7248,33.53,93,100,6.17
526,Vostok,RU,2021-01-23 21:32:41,46.4856,135.8833,4.23,88,0,5.19
527,Shahpura,IN,2021-01-23 21:32:41,27.3833,75.9667,59.0,38,0,6.91
528,Akcakoca,TR,2021-01-23 21:32:42,41.0866,31.1162,44.4,61,100,8.12
529,Beesel,NL,2021-01-23 21:32:42,51.2683,6.0389,39.0,91,100,9.66
530,Vitim,RU,2021-01-23 21:32:42,59.4511,112.5578,-37.73,79,34,0.74
531,Bam,IR,2021-01-23 21:32:43,29.106,58.357,35.28,52,100,1.68
532,Miloslavskoye,RU,2021-01-23 21:32:43,53.5815,39.4399,35.01,87,100,6.62
533,Ust-Koksa,RU,2021-01-23 21:32:44,50.2696,85.6108,-1.68,84,100,2.8
534,Tuensang,IN,2021-01-23 21:32:44,26.2833,94.8333,50.07,80,24,2.48
535,Sur,OM,2021-01-23 21:32:44,22.5667,59.5289,65.52,56,0,13.73
536,Olafsvik,IS,2021-01-23 21:32:45,64.8945,-23.7142,30.4,93,94,33.2
537,Skjervoy,NO,2021-01-23 21:32:45,70.0311,20.9714,11.88,94,57,26.62
538,Challans,FR,2021-01-23 21:32:45,46.8436,-1.8749,35.6,93,100,1.14
539,Dunedin,NZ,2021-01-23 21:28:37,-45.8742,170.5036,59.18,52,83,7.72
540,Puerto Escondido,MX,2021-01-23 21:32:46,15.85,-97.0667,86.0,70,75,6.91
541,Ostersund,SE,2021-01-23 21:32:46,63.1792,14.6357,15.8,92,90,3.44
542,Inhambane,MZ,2021-01-23 21:32:46,-23.865,35.3833,80.69,88,100,14.27
543,Rabaul,PG,2021-01-23 21:32:47,-4.1967,152.1721,80.69,75,100,4.63
544,Mahajanga,MG,2021-01-23 21:32:47,-15.7167,46.3167,77.0,88,40,8.05
545,Ambulu,ID,2021-01-23 21:32:47,-8.345,113.6058,76.17,83,100,2.89
